ecotype_id,ID,SAMPLE,pop_code,ratio1,ratio2,ratio3,ratio4,ratio5,ratio6,ratio7,ratio8,ratio9,ratio10,ratio11,ratio12,ratio13,ratio14,ratio15,ratio16,ratio17,ratio18,ratio19,ratio20,ratio21
71192,6_95,TOU-A6-95,TOUA6,-2.5641528225096,-2.44744918280611,-8.13238582342251,0.116703639703482,-5.56823300091291,-5.68493664061639,-4.31279605833203,-0.000830749137259861,4.31196530919477,5.13906933384711,-3.70328993400357,-5.00637965775321,-5.32555516010507,-7.0741983959275,-2.87893672643621,-0.408800076959344,0.418303947692997,2.47623918922368,2.91799842081716,6.57182371725185,-3.65382529643469
71072,1_85,TOU-A1-85,TOUA1,-1.4169621741555,-0.865492453550406,-6.97357644029864,0.551469720605095,-5.55661426614314,-6.10808398674823,-0.211416978236213,4.35544003076543,4.56685700900164,5.99048709232618,-3.16878580754095,-4.78919997382996,-8.37969868298133,-7.17415348706204,-3.15876619866549,-0.329874579043958,1.09375550428059,1.19007546734186,1.71712917905312,7.27819200350681,-5.56106282445369
71084,6_101,TOU-A6-101,TOUA6,-3.36862417248496,-2.1599426268443,-6.78578044362435,1.20868154564066,-3.4171562711394,-4.62583781678006,-1.56099476171354,3.75173869159258,5.31273345330613,6.16892561476432,-3.77037072270425,-5.20616139064549,-8.00022684715746,-6.19259743638604,-2.08854552872058,-0.127732033945087,0.728460127513103,1.15472405508587,2.07230781931311,6.07487478219153,-4.00256696287843
71114,6_22,TOU-A6-22,TOUA6,-1.42302382958508,-0.7642465186809,-6.7496052664627,0.658777310904182,-5.32658143687762,-5.9853587477818,-0.181231286520186,4.67602848604713,4.85725977256731,6.29148619352921,-3.98515725004871,-5.62962844305986,-8.56086625850276,-7.31907371543786,-3.12059125377473,-0.494785416717614,0.939441004244281,1.46460099777069,2.28162171593693,6.98621821621286,-4.70459650027593
71028,1_14,TOU-A1-14,TOUA1,-0.73772115691371,-0.759622661565427,-6.514701328107,-0.0219015046517171,-5.77698017119329,-5.75507866654157,-0.075703564118425,4.55816907200748,4.63387263612591,5.44617353157014,-3.89905339177173,-5.24019332143998,-8.3432976424491,-7.68128004965381,-3.02550590887619,-0.515620870097013,0.296680025347226,1.41241601909716,2.45366880180617,6.19950402856549,-3.74583522675931
71157,6_62,TOU-A6-62,TOUA6,-5.700148715999,-3.79312484250294,-7.6755311625487,1.90702387349606,-1.9753824465497,-3.88240632004576,-2.48817980674979,2.42362108837278,4.91180089512257,5.90289557358581,-3.65621017525148,-4.93279845109308,-7.08657374788498,-3.87460483863578,-0.869827817009265,-0.157238691941939,0.833855986521304,2.36193610425797,2.18702316190895,6.2098403581154,-4.02281719620644
71124,6_31,TOU-A6-31,TOUA6,-2.56474664571858,-3.18436818401414,-7.58310455310657,-0.619621538295554,-5.01835790738798,-4.39873636909243,-2.20580832099044,2.05030322634531,4.25611154733574,5.50395314026349,-4.01317201478839,-5.22574482790399,-7.57206588448672,-7.21312755975857,-2.33739447412727,-0.117078022206179,1.13076357072157,0.608569537953803,1.19095988985217,6.42973383403461,-5.23877394418243
71163,6_68,TOU-A6-68,TOUA6,-2.33276820377319,-2.03846484968267,-6.67931159953447,0.294303354090522,-4.34654339576127,-4.6408467498518,-1.59758594065907,3.34501587740081,4.94260181805987,6.04916573033784,-4.2659020005489,-4.76951103003596,-7.64010377532024,-6.90492151220611,-2.25662304823676,-0.287377778377479,0.819186133900489,1.89443960041,2.32388836224804,6.25426956161108,-3.93038119936304
71026,1_137,TOU-A1-137,TOUA1,-2.97195656020388,-2.43787829164526,-8.54760662934427,0.534078268558624,-5.57565006914039,-6.10972833769901,-4.12229617233005,0.425979497941499,4.54827567027155,5.9380666748534,-3.73918585420401,-5.09063107305726,-6.12704914508998,-7.27738875721615,-3.26319135550322,-0.279409755218233,1.11038124936362,1.71470683925327,2.8690511828181,6.47698637257454,-3.60793518975644
71158,6_63,TOU-A6-63,TOUA6,-6.01695182132687,-2.97029547828904,-6.69048171056335,3.04665634303783,-0.673529889236477,-3.72018623227431,-2.18021866159905,3.13744368923078,5.31766235082984,5.83769000446382,-2.02994371305766,-3.45569746928179,-6.61706380614644,-2.78033064641862,-0.509324638626619,-0.0933940834548118,0.426633570179173,1.85080356090997,1.91202588274581,6.40153474193548,-4.48950885918967
71018,1_124,TOU-A1-124,TOUA1,-2.38022952477668,-2.07947774509478,-7.09821324316973,0.300751779681905,-4.71798371839305,-5.01873549807495,-1.84594023136855,3.22101036203131,5.06695059339986,5.81546414334047,-3.91474522731711,-5.50562426808416,-7.96929814679191,-7.43500885338378,-2.66881003966583,0.128664907342367,0.877178457282984,1.80422460642576,2.17183320481283,7.7146191699459,-5.54278596513307
71057,1_66,TOU-A1-66,TOUA1,-3.02318635579286,-3.16294291713716,-7.02254226830105,-0.1397565613443,-3.99935591250819,-3.85959935116389,-2.49954659024327,1.97412809506922,4.47367468531249,5.62072483126386,-3.77320064632907,-4.24442390164709,-7.0211843866091,-6.4975446210595,-1.88411337440271,0.155336915240888,1.30238706119226,1.31156566817426,1.74566781641279,5.82662039957788,-4.08095258316509
71193,6_96,TOU-A6-96,TOUA6,-1.98750032493175,-2.49838223381458,-7.18262432143767,-0.510881908882827,-5.19512399650592,-4.6842420876231,-2.2617919048501,2.22273315370776,4.48452505855787,5.30729266446041,-3.83558317582852,-4.79388245298263,-7.73686776196633,-8.01115934188468,-3.01575237444399,-0.0668521791326165,0.755915426769932,1.77503842266204,2.22747671098153,6.70116352604712,-4.47368681506559
71039,1_27,TOU-A1-27,TOUA1,-1.20305853267695,-0.92973971043625,-6.58380136830546,0.273318822240698,-5.38074283562851,-5.65406165786921,-0.0449930958130279,4.96088145396315,5.00587454977618,5.63517628633279,-4.34339734218554,-5.83703365217361,-8.47549962552853,-7.31743418866461,-2.58487846112913,-0.403544297921308,0.225757438635306,1.78363355370261,2.50198849363378,6.51385273773863,-4.01186424410485
71074,1_89,TOU-A1-89,TOUA1,-1.83418610815253,-1.95057613217098,-7.0115547618032,-0.116390024018452,-5.17736865365067,-5.06097862963222,-1.78653928493741,3.31072539813296,5.09726468307036,5.87248505011042,-3.96881557456699,-5.53862718900356,-7.80911799704961,-7.76147117383449,-2.54781646674568,0.0559739137597858,0.831194280799842,1.78572445932122,2.53387081887241,6.72094639574888,-4.18707557687647
71142,6_48,TOU-A6-48,TOUA6,-0.899894775326406,-0.64156930700057,-6.5417682501505,0.258325468325836,-5.64187347482409,-5.90019894314993,0.293382666753538,5.47748303236112,5.18410036560758,6.27482223301573,-3.88127609463274,-5.04075987487483,-8.73127798519281,-7.53800054311287,-2.61222564583112,-0.346843938473913,0.743877928934241,1.54544946354865,2.97884295788664,7.12275563286026,-4.14391267497361
71095,6_111,TOU-A6-111,TOUA6,-1.95756929868608,-1.75785390254766,-6.99843226280071,0.199715396138422,-5.04086296411463,-5.24057836025305,-0.334118281968607,4.46283935255089,4.7969576345195,5.94004763108292,-3.8466145990334,-5.35852145220705,-8.52512136374278,-6.90167034702531,-2.30442810864423,-0.113956059805959,1.02913393675746,1.73356094159525,2.19082114760216,7.89123914172819,-5.70041799412603
71159,6_64,TOU-A6-64,TOUA6,-2.84968574932491,-3.12478850734489,-7.54415601183925,-0.27510275801998,-4.69447026251434,-4.41936750449436,-2.40849909057104,1.75220491463654,4.16070400520758,5.27028941245573,-4.49903924355119,-5.74050110875993,-7.62251852978222,-7.18133187102834,-2.74552510780079,0.206879898314171,1.31646530556233,1.43727841578518,1.8384787507674,6.29296585234516,-4.45448710157776
71160,6_65,TOU-A6-65,TOUA6,-1.57634858005646,-1.21503020823793,-6.48913135184856,0.361318371818534,-4.91278277179209,-5.27410114361062,-0.799687316693458,4.35463044608959,5.15431776278305,5.89173952961857,-4.00661698937377,-4.77858333484943,-8.12148274451244,-7.34482148114943,-2.55182209018492,0.935150941700045,1.67257270853557,1.81579090114888,3.02072855405653,6.62353601522073,-3.6028074611642
71087,6_104,TOU-A6-104,TOUA6,-2.33504465728179,-2.07137000907686,-7.96027852240732,0.263674648204927,-5.62523386512553,-5.88890851333046,-3.7147416779967,1.12335224851574,4.83809392651244,5.6957189005472,-3.47071561760845,-5.08156476697321,-6.03090821285494,-7.41060523356985,-2.83618595526234,-0.382440827634403,0.475184146400349,2.20112114803685,2.1958420558993,6.52651802072886,-4.33067596482956
71102,6_118,TOU-A6-118,TOUA6,-1.79314133620331,-1.87745699265412,-6.8292188345967,-0.0843156564508171,-5.0360774983934,-4.95176184194258,-2.04580071571575,2.37165515014936,4.41745586586511,5.49037230510261,-3.63492669348372,-5.23958609706976,-6.99606587051168,-7.24872525002412,-2.74695372770819,-0.115852700496544,0.957063738740957,1.68543402603812,2.176599850463,7.65722743445049,-5.48062758398749
71041,1_3,TOU-A1-3,TOUA1,-2.31270580154213,-2.66138427957332,-7.30373419510339,-0.348678478031189,-4.99102839356126,-4.64234991553007,-2.18267550965442,2.3161424416707,4.49881795132512,5.59283221979636,-3.64132516832736,-5.11917363780919,-7.55838495005905,-7.42835465817134,-2.58085822881503,0.209711238476824,1.30372550694807,1.91280071799471,2.54237603015882,7.49473036027191,-4.95235433011309
71047,1_4,TOU-A1-4,TOUA1,-1.19255424726618,-1.50069329412343,-6.92812581945036,-0.308139046857249,-5.73557157218418,-5.42743252532693,-0.0851023817330973,4.38206881904852,4.46717120078162,5.68010291207509,-4.02155422711001,-5.32405328498557,-8.7162438731639,-7.60879200763082,-2.83348175999195,-0.520654319109363,0.692277392184111,1.38731782220935,2.37088224806241,6.58867637003723,-4.21779412197482
71010,1_115,TOU-A1-115,TOUA1,-1.17967072524056,-0.419626796571874,-7.00942337245889,0.760043928668684,-5.82975264721833,-6.58979657588702,0.396851490681901,5.93218426213386,5.53533277145196,6.16307470602881,-3.53068759261188,-4.84427144828326,-9.19276170797737,-7.61623949205491,-2.84095064927164,-0.323359718618589,0.304382215958269,1.28437620587456,2.12369606585546,6.66951307026661,-4.54581700441115
71148,6_53,TOU-A6-53,TOUA6,-2.70076067194661,-2.33271725574985,-7.06753994575782,0.368043416196761,-4.36677927381121,-4.73482269000797,-2.1322281946547,2.93422182072063,5.06645001537533,5.78549450808388,-3.82009817237789,-5.35139822755676,-7.00725924292581,-6.4387267656339,-1.74032016645533,-0.0609986841360399,0.658045808572509,1.74272851800107,2.20010613693597,6.57399182767067,-4.3738856907347
71064,1_77,TOU-A1-77,TOUA1,-2.18598447582239,-2.51628701958161,-7.12579001534449,-0.330302543759228,-4.9398055395221,-4.60950299576287,-1.94362997394556,2.38407341269996,4.32770338664552,5.18191855631215,-3.71294430454909,-5.22341085350972,-7.33913793084348,-7.09678342896665,-2.43877749856191,-0.293261977671006,0.560953191995628,1.12173972756251,1.97201605316391,6.54046745268896,-4.56845139952506
71097,6_113,TOU-A6-113,TOUA6,-1.57334373516691,-0.909775941847447,-6.91531594585597,0.663567793319462,-5.34197221068906,-6.00554000400853,-0.0411188480190412,4.96596943508928,5.00708828310832,5.59229053386334,-4.5534975582394,-5.65300411350227,-8.50204966015824,-6.96982477301037,-2.62630428322152,-0.530221641309047,0.0549806094459778,1.4639959146048,2.50651724349624,7.57954391006766,-5.07302666657142
71167,6_71,TOU-A6-71,TOUA6,-1.07389246261578,-1.35685402344168,-6.97926046244414,-0.282961560825899,-5.90536799982836,-5.62240643900246,0.0398260388657787,4.91955993394757,4.87973389508179,5.88041164514569,-3.92324689445616,-5.16525799529834,-8.51198166399617,-7.39826316251462,-2.23556770660692,-0.495536874585285,0.505140875478611,1.42596510370639,2.78713027572221,8.38497323592213,-5.59784296019992
71086,6_103,TOU-A6-103,TOUA6,-1.50698095637138,-0.871527125710507,-6.98971132372684,0.635453830660877,-5.48273036735545,-6.11818419801633,-0.11351133064244,4.36916683045665,4.48267816109909,5.57812964417003,-3.65639289928319,-5.20961579805712,-8.43522569870839,-7.04175607297944,-3.19453174254123,-0.397952980058645,0.697498503012292,1.19003966696812,1.89748653970017,6.19181478619906,-4.29432824649889
71121,6_29,TOU-A6-29,TOUA6,-2.31345659827655,-2.78976692506852,-6.51156012256137,-0.476310326791969,-4.19810352428482,-3.72179319749285,-2.30756288113908,2.00318835525377,4.31075123639286,5.4686490339798,-3.14482766068526,-4.25523753382079,-6.84810006108856,-6.84220634395109,-2.05514478076627,-0.060796318603054,1.09710147898389,2.03077868763472,2.55738810264883,6.43921588709357,-3.88182778444474
71060,1_7,TOU-A1-7,TOUA1,-1.03911217696428,-0.815051348941305,-6.449402672011,0.224060828022974,-5.41029049504672,-5.63435132306969,-0.209296421846955,4.64957479267461,4.85887121452156,5.58964504930089,-4.00828734692593,-4.56436221789198,-8.27445068135577,-7.44463492623845,-2.80982453973986,-0.44110136715512,0.289672467624207,1.63600232099436,2.53230919191417,6.37333444292659,-3.84102525101242
71109,6_18,TOU-A6-18,TOUA6,-0.249745929975045,-0.0637115705283006,-6.32944590241519,0.186034359446745,-6.07969997244015,-6.26573433188689,-0.149353073674623,4.53400194364223,4.68335501731685,5.47038173029619,-3.87658014376267,-5.39441259956,-8.27633354843571,-8.17594069213529,-3.67862003426518,-0.414743521997296,0.372283190982042,1.60766807716323,2.6652007061576,6.7791165343089,-4.1139158281513
71138,6_44,TOU-A6-44,TOUA6,-2.40038856017552,-2.80000806931094,-7.58417298562301,-0.39961950913542,-5.18378442544749,-4.78416491631207,-2.10297071703923,2.39813949154858,4.50111020858781,5.00808593280224,-4.28819125375488,-5.97707836400947,-7.89930281503277,-7.60188497189647,-2.70115525417324,-0.140008707457173,0.366967016757259,1.34913435170658,1.53646843171889,6.79203469775105,-5.25556626603216
71050,1_47,TOU-A1-47,TOUA1,-2.81711886235387,-2.28352691720631,-7.39736029402452,0.533591945147566,-4.58024143167065,-5.11383337681822,-2.12626830895555,2.66055691467408,4.78682522362963,5.62500955892168,-4.04860161788327,-5.67399884625523,-7.37954381020711,-6.6886932568088,-2.43545997832673,0.138983211559608,0.977167546851657,1.17108546821389,2.30900133589287,7.11274890510142,-4.80374756920854
71161,6_66,TOU-A6-66,TOUA6,-3.54030045847255,-3.34763774897918,-7.72649160870128,0.192662709493366,-4.18619115022874,-4.3788538597221,-5.80880531268442,-1.20292262294066,4.60588268974376,5.6987066529042,-3.45356695749006,-4.96884078823547,-4.37515924312522,-6.64366409733709,-2.2304441170867,-0.165536644795957,0.927287318364484,2.4342896265625,3.06254848073437,6.45187980134205,-3.38933132060768
71093,6_11,TOU-A6-11,TOUA6,-0.993314619586969,-1.47108796307283,-6.59874504017815,-0.477773343485864,-5.60543042059118,-5.12765707710532,-0.0967765460563144,4.3962159869761,4.49299253303242,5.48552536554653,-4.2955759629548,-4.9920151638046,-8.54304083047678,-7.64650275694613,-2.67573688042785,-0.513918632221053,0.478614200293059,1.50058808269928,2.27543853621395,6.07538232381335,-3.79994378759939
71147,6_52,TOU-A6-52,TOUA6,-3.13571261775556,-2.96545605303201,-7.205413347681,0.170256564723547,-4.06970072992544,-4.23995729464899,-1.93385539711202,2.33876480674486,4.27262020385688,5.25943387228398,-3.832897407587,-5.16719242157471,-7.64876176931237,-6.44690454866883,-2.3445409095355,-0.218717095004551,0.768096573422555,0.980679352805036,2.05259159587005,7.14984002488128,-5.09724842901123
71111,6_2,TOU-A6-2,TOUA6,-0.518481135611405,-0.808493041256857,-6.60198619381396,-0.290011905645452,-6.08350505820256,-5.79349315255711,-0.136535030751857,4.5359459917988,4.67248102255066,5.40526413515003,-5.07790682887551,-5.28610765283909,-8.34947931647127,-7.96753321161172,-3.00504028341561,-0.505948862463793,0.226834250135578,1.45832440143561,2.71211170883688,6.91150878843148,-4.19939707959461
71106,6_15,TOU-A6-15,TOUA6,-0.843701625068202,-0.760887414756901,-6.37163121975685,0.0828142103113007,-5.52792959468864,-5.61074380499995,-0.150558639065789,4.42290559506043,4.57346423412622,5.56064578169847,-3.77969650604575,-5.07279714200854,-8.32161028304802,-7.62846729704561,-3.13781727323069,-0.471247031702639,0.515934515869613,1.22596296699352,2.44486114383714,6.76275568838907,-4.31789454455194
71044,1_37,TOU-A1-37,TOUA1,-2.68690057587327,-2.25811036904628,-7.20064488530871,0.428790206826988,-4.51374430943544,-4.94253451626243,-1.52623437485037,3.42909788224843,4.9553322570988,6.00105948976942,-4.11172689199855,-5.61636712735447,-8.11295801441303,-6.95229181339013,-2.42574976311831,-0.276527846592214,0.769199386078397,1.99120776689565,2.52086530036368,6.35007675974387,-3.82921145938018
71038,1_26,TOU-A1-26,TOUA1,-1.86419386788006,-2.61936075830043,-7.05353454875425,-0.755166890420368,-5.18934068087418,-4.43417379045382,-2.11788441033803,2.24558028852452,4.36346469886255,5.5485166204419,-3.44040081172922,-4.79652232704239,-7.28002082523094,-7.53371136768891,-2.41507977840599,-0.0913940574396038,1.09365786413974,1.84001040424893,2.63823791884406,7.23089733399291,-4.59265941514885
71182,6_85,TOU-A6-85,TOUA6,-3.08710637559466,-3.32155016561946,-7.28954713560731,-0.234443790024797,-4.20244076001264,-3.96799696998784,-3.97015562990026,0.434730378785656,4.40488600868592,5.35112680924893,-4.31471748942256,-5.22574485249271,-5.94422451639227,-6.82727377069787,-2.18794397198716,0.0111212135092316,0.957362014072246,1.70639764345022,2.30102158104316,7.25118115636915,-4.95015957532599
71021,1_129,TOU-A1-129,TOUA1,-0.518881815591076,0.679576392178237,-6.76470979209125,1.19845820776931,-6.24582797650017,-7.44428618426948,0.418077132534751,5.76136684186316,5.34328970932841,6.5697686477611,-4.30565072652472,-5.67320064143269,-8.70436339314989,-7.76740444502406,-3.62257294346496,-0.39307807647164,0.833400861961049,1.25987389082185,1.40609978204624,6.68277792434928,-5.27667814230304
71056,1_65,TOU-A1-65,TOUA1,-3.01544940584497,-2.47351064451736,-7.19643405956153,0.541938761327613,-4.18098465371656,-4.72292341504417,-2.09822171979363,2.55206846439097,4.6502901841846,5.73398249474533,-3.47949678576777,-5.16032449761711,-7.55923210446087,-6.64200441840953,-2.53365299555254,0.132698615915993,1.21639092647673,0.85410426527654,2.65547324270653,7.50413828527425,-4.84866504256772
71027,1_138,TOU-A1-138,TOUA1,-2.34388201609145,-3.06524145622128,-8.71228529488755,-0.721359440129831,-6.3684032787961,-5.64704383866627,-3.68829649907514,0.377088010086547,4.06538450916168,5.06152898619745,-3.96602173555724,-5.73556985387728,-5.995496940435,-7.33991142341869,-2.55316747412717,-0.370564193068531,0.625580283967231,2.24966842977429,2.6107084388488,6.86058249563795,-4.24987405678915
71172,6_76,TOU-A6-76,TOUA6,-0.553514612995702,-0.784209507712997,-6.57882678154549,-0.230694894717295,-6.02531216854979,-5.7946172738325,-0.115136084182332,4.47331654816971,4.58845263235205,5.98750258641196,-3.9444679745265,-5.04568992416696,-8.16168094790979,-7.72330241909642,-2.90415489202708,-0.281332206075984,1.11771774798393,1.94472215692123,2.24954342643591,7.42430837279565,-5.17476494635974
71090,6_107,TOU-A6-107,TOUA6,-1.28031463940731,-0.500928781161215,-6.78845280767321,0.779385858246094,-5.5081381682659,-6.28752402651199,0.152248961283073,5.59348640646341,5.44123744518034,6.33728907038327,-3.35996999026554,-5.21962080661283,-8.37635587920193,-6.94379227851155,-2.28194069157731,-0.248345731804374,0.647705893398561,1.42354374895299,2.48569923969842,6.71120314494258,-4.22550390524416
71034,1_18,TOU-A1-18,TOUA1,-2.17018168405649,-2.21464769267839,-7.07333103467087,-0.0444660086218984,-4.90314935061437,-4.85868334199247,-2.1113847990762,2.46758261215265,4.57896741122885,5.29948786961323,-4.2838354791812,-5.77172516006219,-7.34626946300938,-7.28747257802908,-2.66403915817833,0.0845817091459631,0.805102167530339,1.80383953421954,2.67571483959742,7.50010777338259,-4.82439293378516
71125,6_32,TOU-A6-32,TOUA6,-3.48616314034066,-3.25143451473809,-7.38371230888604,0.234728625602569,-3.89754916854538,-4.13227779414795,-2.31901149825617,2.09934793574919,4.41835943400536,5.54332111187954,-3.50959035820057,-5.11885900676443,-7.39080749420782,-6.22365585212332,-2.04002504372053,0.058926835730529,1.18388851360471,2.03940340525823,1.89193813076737,6.79257679171786,-4.90063866095049
71088,6_105,TOU-A6-105,TOUA6,-2.39811260569804,-2.36914026307952,-7.83887859287814,0.0289723426185247,-5.44076598718009,-5.46973832979862,-3.93983904912425,0.865130288602145,4.8049693377264,5.70817591471857,-3.52248428459418,-4.95714454194258,-5.87493893344707,-7.41666537687328,-2.64066838176541,-0.299982495849822,0.603224081142349,2.33195203277142,2.35313935668538,6.69341415628406,-4.34027479959868
71146,6_51,TOU-A6-51,TOUA6,-0.310240965709132,-0.986336089954423,-6.20417810658633,-0.676095124245292,-5.8939371408772,-5.2178420166319,-0.248191204265956,4.368091291899,4.61628249616495,5.82509631300288,-3.87580634070416,-4.880329751057,-8.02236317107264,-7.96031340962946,-2.66793578921922,-0.508673159444219,0.70014065739371,1.455939403041,2.35238918936112,5.86454046361158,-3.51215127425046
71078,1_93,TOU-A1-93,TOUA1,-1.60895901971947,-1.22500630647741,-6.79156192108054,0.38395271324206,-5.18260290136107,-5.56655561460313,0.0226684862097628,4.8583066254809,4.83563813927114,5.73079535066531,-3.3781652771412,-4.7731996741214,-8.47083585372971,-6.83920834780048,-2.3875229217714,-0.165567065894829,0.729590145499339,2.43792071145758,2.46331161761153,7.59978604100262,-5.13647442339109
71174,6_78,TOU-A6-78,TOUA6,-1.23162739447132,-1.41761266065825,-6.28060074405476,-0.185985266186927,-5.04897334958344,-4.86298808339651,-1.01901337021133,3.94473975663095,4.96375312684228,5.80296325261485,-3.82260489867145,-5.30610339200942,-8.00367825996609,-7.79106423570609,-2.64132584267689,1.00615753599282,1.84536766176539,1.35290493995377,1.25593706017182,6.48094450313085,-5.22500744295903
71104,6_13,TOU-A6-13,TOUA6,-0.99202221661035,-1.09361832882538,-6.58291499289058,-0.101596112215033,-5.59089277628023,-5.4892966640652,-0.138136954610898,4.66745248843657,4.80558944304747,5.61064984517056,-4.03894318278835,-5.33750405186217,-8.71026219686629,-7.85637693486684,-2.94919137960433,-0.370429890083278,0.434630512039809,1.54101153246184,2.47576907293332,6.06438953823684,-3.58862046530352
71063,1_75,TOU-A1-75,TOUA1,-6.30859807847501,-3.52508780420194,-6.62435089201372,2.78351027427307,-0.315752813538716,-3.09926308781179,-2.11075768205945,3.27742044158856,5.388178123648,6.37533950969965,-2.65133201667641,-3.93942730047886,-6.92927866057378,-2.73143826415821,-0.126770414783283,0.0244071706742051,1.01156855672585,1.35437682066292,0.763361568005881,5.34331271009312,-4.57995114208724
71122,6_3,TOU-A6-3,TOUA6,-3.35984409820966,-3.47092516385232,-6.90770858996501,-0.111081065642661,-3.54786449175536,-3.43678342611269,-3.02998114931344,1.6190576202273,4.64903876954074,5.85097501008456,-3.74004714908786,-5.00049425054809,-7.41535691376517,-7.08549396486896,-2.32537412968556,1.16796246612576,2.36989870666958,1.5338547118378,1.65209613057162,6.90868816355696,-5.25659203298533
71105,6_14,TOU-A6-14,TOUA6,-1.25660411743451,-1.31133813501077,-6.77174862767317,-0.0547340175762576,-5.51514451023865,-5.4604104926624,-0.133819847700455,4.61338585423709,4.74720570193754,5.5144401055419,-3.94730407630219,-5.76649595498462,-8.60962214115979,-7.48683787142573,-2.68489815191193,-0.365522112309498,0.401712291294856,1.18338807497266,2.24159298869604,6.04324412618974,-3.8016511374937
71165,6_7,TOU-A6-7,TOUA6,-1.99800233144525,-1.33266260684828,-7.35442748190726,0.665339724596975,-5.35642515046201,-6.02176487505898,-0.676693050898772,3.80771762756332,4.48441067846209,5.64369959866328,-4.3299698194097,-5.65312997752797,-8.79440261328484,-7.47309333273836,-3.65402237887324,-0.364572516376966,0.794716403824223,1.64586617578221,2.26338209903575,6.63334138884051,-4.36995928980476
71176,6_8,TOU-A6-8,TOUA6,-2.27916987571119,-1.98742167490238,-6.54777821225604,0.291748200808813,-4.26860833654485,-4.56035653735367,-2.1330471575521,2.69036011141715,4.82340726896925,6.04109439744896,-3.99073907845969,-5.58890970897526,-7.4522826693343,-7.3061599511752,-2.77450088301476,0.766226052526434,1.98391318100614,1.14819576443518,1.84913479228943,7.10090206360193,-5.2517672713125
71103,6_12,TOU-A6-12,TOUA6,-1.32275204035912,-1.25768224667765,-6.81134198305457,0.06506979368147,-5.48858994269546,-5.55365973637693,-0.0850475904988467,4.80890159489465,4.89394918539349,5.59293847152888,-4.41610071584076,-5.57386661833003,-8.72825622406216,-7.49055177420189,-2.66167238248986,-0.442252861211594,0.256736424923794,1.30738412188286,2.55766758929952,6.97921004240344,-4.42154245310392
71139,6_45,TOU-A6-45,TOUA6,-2.6285208792254,-3.2646253034736,-7.35146133245116,-0.636104424248206,-4.72294045322576,-4.08683602897755,-2.16352568919108,2.26651414928487,4.43003983847594,5.32878347909995,-3.90755311832156,-5.31238145734689,-7.99199062416798,-7.52699543413366,-2.46085117140951,0.137757948725634,1.03650158934964,1.57149829465636,2.167266898887,7.11241618537548,-4.94514928648848
71031,1_15,TOU-A1-15,TOUA1,NA,NA,NA,NA,NA,NA,NA,NA,NA,NA,NA,NA,NA,NA,NA,NA,NA,NA,NA,NA,NA
71190,6_92,TOU-A6-92,TOUA6,-2.92047500040381,-2.50801272236299,-7.91082107824833,0.412462278040823,-4.99034607784452,-5.40280835588534,-4.62085946134203,-0.193717839189735,4.42714162215229,5.48918516325034,-3.53966850172002,-4.85131252919341,-5.12086421515039,-6.82124867608861,-2.80656933197714,-0.465263163894709,0.596780377203344,0.763562883808957,1.84418813362085,7.12315519002658,-5.27896705640573
71048,1_41,TOU-A1-41,TOUA1,-1.93791808764154,-1.6206146808617,-7.81799789654072,0.317303406779834,-5.88007980889919,-6.19738321567902,-1.4984980717453,3.86506701886785,5.36356509061315,6.21096871120598,-3.50479497021559,-5.10720091484809,-7.76914607613615,-7.32972606023991,-2.28346437640659,0.11856266672509,0.965966287317919,1.64985961494926,2.31891820231376,6.73185927591645,-4.41294107360268
71096,6_112,TOU-A6-112,TOUA6,-1.38770159255324,-0.691866847622933,-6.4294770010783,0.69583474493031,-5.04177540852506,-5.73761015345537,-0.102633067930327,4.93059000393704,5.03322307186737,5.7788671786868,-3.89141328653537,-5.23190663263827,-7.95696748523425,-6.67189896061133,-2.33451063367427,-0.525071427491022,0.220572679328402,1.33054761663547,2.64557941194141,7.2222609699209,-4.57668155797949
71134,6_40,TOU-A6-40,TOUA6,-1.65791238646524,-2.15396893617507,-7.04631848396867,-0.496056549709826,-5.38840609750343,-4.8923495477936,-0.0898054403559592,4.53391674641279,4.62372218676875,5.56826011327947,-3.85767410040779,-4.86926354280274,-8.95957749376756,-7.39147054765827,-2.2716918111797,-0.494675104051592,0.449862822459129,0.625059384936753,1.75332593730209,5.93342254764004,-4.18009661033795
71004,1_109,TOU-A1-109,TOUA1,-1.06589836999261,-0.30667918021508,-6.99429273011184,0.759219189777529,-5.92839436011923,-6.68761354989676,0.222683180220076,5.44331627378987,5.22063309356979,6.11016704568129,-3.59234705479358,-5.19709787520378,-8.63901655770333,-7.35043500749064,-2.88902110369837,-0.261554442980262,0.627979509131235,1.45447101018051,2.17263260562294,6.59903830797988,-4.42640570235694
71081,6_1,TOU-A6-1,TOUA6,-3.59666702926415,-3.93221369917361,-7.48915023605289,-0.335546669909456,-3.89248320678874,-3.55693653687928,-2.33341959770368,1.82339996364273,4.1568195613464,5.22048218374791,-3.89278570805629,-5.44893298840883,-7.84897869836761,-6.58573126680713,-2.09336503555127,-0.186830685528685,0.876831936872824,1.59589545734972,1.54267742681727,6.88712011839291,-5.34444269157564
71136,6_42,TOU-A6-42,TOUA6,-2.14758275252859,-2.62347027360457,-7.11711568254887,-0.475887521075978,-4.96953293002028,-4.4936454089443,-2.11253904718974,2.40192314004769,4.51446218723743,5.47664727313216,-4.16776813756309,-5.36122917558187,-7.40988783892022,-7.37484413358137,-2.38449442526796,-0.0187374747122189,0.94344761118251,2.00688284762046,2.58520638861376,7.38915705263866,-4.8039506640249
71117,6_25,TOU-A6-25,TOUA6,-0.891644092537586,-0.789688552095034,-6.42682946904602,0.101955540442552,-5.53518537650843,-5.63714091695098,-0.158541777292426,4.53208021181949,4.69062198911191,5.68966913467848,-4.27764859065373,-5.33504833846431,-8.26494808446166,-7.5318457692165,-2.94317932054713,-0.422402877738549,0.57664426782802,1.51147160276324,2.27597330654438,6.13583900011464,-3.85986569357027
71061,1_73,TOU-A1-73,TOUA1,-2.92626996584595,-1.63924606555965,-6.89665993233133,1.28702390028629,-3.97038996648539,-5.25741386677168,-1.75825464302483,3.10688297112519,4.86513761415002,5.75250439518335,-3.23180378185733,-4.9035015690597,-6.96830578006601,-5.80029045724489,-2.22217674338116,-0.372543757826031,0.514823023207299,0.885799282618575,1.48400805592771,6.66286895424052,-5.17886089831282
71101,6_117,TOU-A6-117,TOUA6,-2.63840300894628,-2.66404144856717,-7.54348287807417,-0.0256384396208948,-4.90507986912789,-4.87944142950699,-2.08097242995711,2.18277595941047,4.26374838936758,5.40900108763338,-4.44692961508618,-5.73666121758279,-7.53155075665076,-6.97412017766159,-2.68473334867312,-0.212734721868134,0.932517976397666,1.82873463233134,2.18366938384917,7.32025490832803,-5.13658552447885
71180,6_83,TOU-A6-83,TOUA6,-1.71860321783657,-1.6517663272976,-6.79299068663897,0.0668368905389775,-5.0743874688024,-5.14122435934138,-1.83423139917536,3.21466326422659,5.04889466340195,6.08573522666087,-4.38599308986419,-5.95920782100851,-7.46173707218537,-7.57736525352415,-2.59530748066118,0.129033269140515,1.16587383239944,1.76100676521142,2.42088730714259,7.22806169083333,-4.80717438369074
71171,6_75,TOU-A6-75,TOUA6,-1.13616448504984,-1.16814185815837,-6.53336115652036,-0.0319773731085279,-5.39719667147052,-5.365219298362,0.04725826393272,4.76598150152509,4.71872323759237,5.98489942603364,-4.87378405982655,-6.17960949892092,-8.16022323776969,-6.97680048878714,-2.22609987808624,-0.308299130749861,0.957877057691415,2.24739924281741,2.16913029612916,7.67058447899336,-5.50145418286421
71110,6_19,TOU-A6-19,TOUA6,-0.493553392366216,-0.607749220249315,-6.5942195968053,-0.114195827883099,-6.10066620443909,-5.98647037655599,-0.0952539244812837,4.545403332884,4.64065725736528,5.61563107149458,-3.4920749868264,-5.16990881281077,-8.57046859432059,-8.17216912643566,-3.41731604118727,-0.436357365107741,0.538616449021556,1.44645607649146,2.20937532203943,6.3617579292174,-4.15238260717797
71169,6_73,TOU-A6-73,TOUA6,-2.76722359691517,-2.41839469203841,-7.34017056647094,0.348828904876755,-4.57294696955577,-4.92177587443253,-2.37910295722372,2.85115534663714,5.23025830386086,6.62759322241913,-3.61211290829238,-4.90337708980584,-8.19198276392737,-7.80386212423592,-2.92243272525181,1.17108683536887,2.56842175392714,1.9171514331059,1.75587387119663,6.42940905839104,-4.67353518719441
71177,6_80,TOU-A6-80,TOUA6,-1.92395137152678,-1.30621765319267,-7.25925038588432,0.617733718334111,-5.33529901435754,-5.95303273269165,-1.970883626255,3.14448608795622,5.11536971421123,6.21299362392468,-3.57120348318929,-4.99318376081099,-7.77844561125363,-7.82537786598186,-3.32774187010474,0.053651250244844,1.15127515995829,1.6024367049934,2.30370757173003,6.05365529852913,-3.7499477267991
71185,6_88,TOU-A6-88,TOUA6,-2.52035978936865,-3.09791325115798,-7.86833211098312,-0.577553461789329,-5.34797232161447,-4.77041885982515,-2.08333749792534,2.12698752835781,4.21032502628315,5.37213011011724,-4.08861124123277,-5.52879396292255,-8.21376934629391,-7.77674705485059,-2.98886856677812,-0.0939077687168141,1.06789731511728,1.64457326695634,2.21338934899014,5.97895025024659,-3.76556090125645
71118,6_26,TOU-A6-26,TOUA6,-1.30095082353382,-0.566227364917022,-6.55057183928722,0.734723458616802,-5.2496210157534,-5.9843444743702,-0.208043005548916,4.69209465530135,4.90013766085026,5.78378544273268,-4.15587204095066,-4.84250055210159,-8.49076743397209,-7.39785961598718,-3.23244541375372,-0.468078768414239,0.415569013468175,1.30582153402518,2.38811971933928,5.6863406801852,-3.29822096084593
71179,6_82,TOU-A6-82,TOUA6,-2.41112083440164,-2.51974507933926,-7.38388527842364,-0.108624244937614,-4.972764444022,-4.86414019908438,-1.91016026356399,2.97169450694949,4.88185477051348,6.17088769693355,-4.03329259730244,-5.8955961092853,-7.80878019061097,-7.30781961977332,-2.31734060432222,0.0891773484674376,1.3782102748875,1.55030137232626,2.39668394399485,7.02400406000984,-4.62732011601499
71083,6_100,TOU-A6-100,TOUA6,-1.36757504269884,-2.06031658738643,-7.16903290632725,-0.692741544687591,-5.80145786362841,-5.10871631894082,-0.172358248085058,4.43025228041348,4.60261052849854,5.63639387768892,-3.77410001592716,-5.42827308291991,-8.72121529844454,-7.52599850383076,-2.23064643064463,-0.370680352464542,0.663102996725836,0.87252025744047,1.95953178876405,6.4803350621462,-4.52080327338215
71052,1_60,TOU-A1-60,TOUA1,-2.01823946781593,-1.71132276449101,-6.71199455218526,0.30691670332492,-4.69375508436932,-5.00067178769424,-2.13325908736371,2.44251177251964,4.57577085988335,5.80195555760185,-4.18975054018962,-5.60666486415584,-6.62909600141862,-6.7441156209664,-2.47526146440797,-0.117474655517057,1.10871004220144,1.82095103329054,2.31087054171928,6.31827522179468,-4.0074046800754
71016,1_120,TOU-A1-120,TOUA1,-0.872180121318459,-1.1449510869198,-6.94559996701609,-0.272770965601345,-6.07341984569763,-5.80064888009629,-0.200226140324951,4.1749116197921,4.37513776011705,5.36920910445041,-3.68177792770704,-4.76774853521248,-8.403771419088,-7.73181743809449,-3.0839087123761,-0.606885711396026,0.387185632937334,1.45264919696314,2.47314721854432,5.94234417900646,-3.46919696046213
71150,6_55,TOU-A6-55,TOUA6,-2.5616249205626,-2.47428458033635,-7.22126658036373,0.0873403402262481,-4.65964165980113,-4.74698200002738,-2.24133002803293,2.59001602196906,4.83134605000198,5.74977066638174,-4.05211044218017,-5.55687690137852,-7.11037147252564,-6.79007657999597,-2.04607087022024,0.112407726113235,1.03083234249299,1.141611552641,2.14398448470583,7.46212816284758,-5.31814367814174
71132,6_39,TOU-A6-39,TOUA6,-2.84459972855762,-1.90261564067637,-6.97784978055872,0.941984087881245,-4.1332500520011,-5.07523413988234,-1.62184282318094,3.49512916573698,5.11697198891792,6.46956497592171,-3.71218583049128,-5.00176348372483,-7.69000932998241,-6.46725242460573,-2.29226452356906,-0.253206033386371,1.09938695361742,1.69395547092874,2.47032149340649,6.98424349736411,-4.51392200395763
71079,1_96,TOU-A1-96,TOUA1,-3.13662966393132,-3.20830036498581,-7.94481154449799,-0.071670701054488,-4.80818188056667,-4.73651117951219,-6.19086206797353,-1.6867674920216,4.50409457595193,5.67312061287014,-4.13592542108031,-5.31083912471326,-3.94498603034568,-6.99921843438789,-2.42345315738147,-0.233027563483528,0.935998473434683,1.94114138540043,2.84998104599147,6.83088366016735,-3.98090261417588
71175,6_79,TOU-A6-79,TOUA6,-3.2629763078709,-3.31254952670843,-7.82107975056768,-0.0495732188375352,-4.55810344269679,-4.50853022385925,-2.76733616812647,1.89834963152891,4.66568579965537,5.74724464895789,-3.8894278827635,-5.32632473110039,-7.99640386374229,-7.50076372399786,-2.78550470550495,1.29851764975928,2.38007649906179,1.91229247035148,2.19236144866833,7.38531400272555,-5.19295255405722
71137,6_43,TOU-A6-43,TOUA6,-2.62997054099166,-1.97450553615388,-7.0706802908535,0.655465004837781,-4.44070974986184,-5.09617475469962,-1.75431014488046,3.6310134875137,5.38532363239416,6.1825935432358,-4.44283463064046,-5.55268208418561,-7.7192164441755,-6.8435560480643,-2.11369742050792,0.190879351717942,0.98814926255959,1.23670272847286,1.49394130586845,7.03583849699958,-5.54189719113113
71129,6_36,TOU-A6-36,TOUA6,-2.13781359962225,-2.67940587854663,-6.89233173363687,-0.541592278924378,-4.75451813401462,-4.21292585509024,-2.31261392469345,1.99516572966376,4.30777965435721,5.46543734473974,-3.93238618019008,-5.36294664792485,-7.23138865352204,-7.40618897859324,-2.55681704531165,-0.19115943503521,0.966498255347318,1.64364447945326,1.84983939993423,7.59823490448498,-5.74839550455075
71015,1_12,TOU-A1-12,TOUA1,-1.55551494632161,-1.48630927275355,-6.93453644271811,0.0692056735680569,-5.3790214963965,-5.44822716996456,-0.109232705340513,4.63305966957902,4.74229237491953,5.49256649099695,-4.58821579782343,-5.93486117709286,-8.9088629538648,-7.4625807128837,-2.78949401153222,-0.44150205718216,0.308772058895257,1.58948044837303,2.55303992032434,6.02899739934166,-3.47595747901732
71040,1_29,TOU-A1-29,TOUA1,-2.60124902794519,-1.34121981305102,-6.24549256496799,1.26002921489417,-3.6442435370228,-4.90427275191697,-1.49553924399754,3.78466807092509,5.28020731492263,6.26277040120927,-3.97954317712455,-5.0758896619244,-7.30506001837777,-6.19935023443013,-2.17917213440166,-0.255169665260035,0.727393421026609,1.68336573540062,2.49506846464844,6.1632125941854,-3.66814412953696
71070,1_82,TOU-A1-82,TOUA1,NA,NA,NA,NA,NA,NA,NA,NA,NA,NA,NA,NA,NA,NA,NA,NA,NA,NA,NA,NA,NA
71100,6_116,TOU-A6-116,TOUA6,-0.616631561666134,-0.981590751481842,-6.22213294133332,-0.364959189815708,-5.60550137966719,-5.24054218985148,-0.33502662464246,5.0942696688526,5.42929629349506,6.27325456722585,-3.68955311792498,-4.68632169516479,-7.45880431791758,-7.17719938089391,-1.38294389758314,-0.113050737669134,0.730907536061649,2.09397295994766,3.01374907953509,6.9691054891988,-3.9553564096637
71091,6_108,TOU-A6-108,TOUA6,-0.91537253373647,-1.64407593038475,-7.05729311910896,-0.728703396648282,-6.14192058537249,-5.41321718872421,-0.415952135155998,4.15473205693319,4.57068419208919,5.54739236339952,-4.13221527171643,-5.23418209130233,-8.53700614716419,-8.03758574858372,-2.73819815984625,-0.224112517141623,0.752595654168712,1.35329943415839,2.78804300363905,7.9941664745855,-5.20612347094646
71007,1_112,TOU-A1-112,TOUA1,-3.28212163926271,-3.41677500793488,-8.52636904733917,-0.134653368672167,-5.24424740807646,-5.10959403940429,-4.70976368000618,-0.76599130306255,3.94377237694363,5.16697113068649,-3.73613103807794,-4.9743093688553,-5.66517997194153,-7.092822012685,-3.0143962670692,-0.137851140229042,1.08534761351382,1.82361739252727,2.91835734334042,7.0655236346982,-4.14716629135778
71112,6_20,TOU-A6-20,TOUA6,-1.47931373492133,-0.390542213298869,-6.51234103477021,1.08877152162247,-5.03302729984888,-6.12179882147134,-0.128487357491718,4.59439873666405,4.72288609415577,5.58990447372779,-4.4182311249325,-5.23719337368582,-8.48133625323555,-7.13050987580594,-3.49639530327264,-0.475158548630736,0.391859830941288,1.52187479748217,2.55319173390523,6.33714424778329,-3.78395251387806
71115,6_23,TOU-A6-23,TOUA6,-0.306737642646406,-0.506239163362276,-6.22431396879775,-0.19950152071587,-5.91757632615134,-5.71807480543547,-0.2419094799534,4.86794040591081,5.10984988586421,5.54371083493163,-4.16410093897581,-5.41941265011136,-8.01539214692974,-7.95056398423674,-2.64121257765666,-0.430646257170082,0.00321469189734034,1.9435298076921,2.65250787862897,6.27949165283392,-3.62698377420494
71168,6_72,TOU-A6-72,TOUA6,-1.08390847632583,-0.731083088407173,-6.59870071418757,0.352825387918654,-5.51479223786174,-5.86761762578039,0.277034767287576,5.43604790813113,5.15901314084355,6.3906309838944,-3.81002772881628,-4.96012670758624,-8.6574046523137,-7.2964614087003,-2.4902736557754,-0.529522241675601,0.702095601375242,1.21759641586612,2.48582164514365,7.91338104019798,-5.42755939505433
71092,6_109,TOU-A6-109,TOUA6,-1.47643399006353,-1.28800306483796,-7.15089274046464,0.188430925225569,-5.67445875040111,-5.86288967562667,-0.217591677000799,4.30887850426703,4.52647018126782,5.74646388133387,-3.73835725892432,-5.01695315228197,-8.52670581034834,-7.26786349728561,-2.92982424124336,-0.397825553314587,0.822168146751453,1.29695965526288,1.97872917242329,6.30032213412617,-4.32159296170288
71075,1_9,TOU-A1-9,TOUA1,-0.964048788035389,-0.657247975784297,-6.32467251288754,0.306800812251092,-5.36062372485215,-5.66742453710324,-0.126528799998708,4.74226541701912,4.86879421701783,5.6668867354474,-3.65546368318192,-4.98894514872795,-8.23167811619424,-7.39415812815756,-2.83216472339082,-0.434542283719209,0.36355023471036,1.50314113874304,2.4822609274426,6.24515647765743,-3.76289555021483
71149,6_54,TOU-A6-54,TOUA6,-3.40484768360361,-2.94745396516488,-7.55643971802444,0.457393718438729,-4.15159203442083,-4.60898575285956,-2.19425994151575,2.730363151756,4.92462309327175,6.06614000163479,-3.840031186878,-5.27951323720637,-7.4927969847615,-6.28220924267364,-1.81497986784061,0.111431246841756,1.25294815520479,1.25159667472766,2.12776231996007,7.39339269591041,-5.26563037595034
71014,1_119,TOU-A1-119,TOUA1,-2.64474133556374,-2.32871920577054,-7.85903129963835,0.316022129793205,-5.21428996407461,-5.53031209386782,-3.92991583353859,0.86345943596419,4.79337526950278,5.73596591224933,-3.73205926450731,-4.86408735763007,-5.84522419931938,-7.13039869729423,-2.65304555758465,-0.361715528893077,0.580875113853471,2.47342374226786,2.42365407549727,6.67336192469785,-4.24970784920059
71128,6_35,TOU-A6-35,TOUA6,-3.35000679031269,-3.2989911279909,-7.25140615603679,0.0510156623217925,-3.90139936572409,-3.95241502804589,-2.22401192349543,2.0903166134147,4.31432853691014,5.27867580687963,-3.53074452419639,-4.71435679768786,-7.55091631774521,-6.42492145092795,-2.16160857633961,-0.111596815163412,0.852750454806083,2.37101659800791,2.72400807148128,6.47234113325625,-3.74833306177496
71002,1_105,TOU-A1-105,TOUA1,-0.965048879518331,-0.345299543532536,-6.60990105869303,0.619749335985795,-5.6448521791747,-6.2646015151605,0.283811886347971,5.65212425219663,5.36831236584865,6.3554135789711,-3.80065961305627,-5.58405900196384,-8.4502324475635,-7.2013716816972,-2.45280865183434,-0.473275574582455,0.513825638539994,2.00798214737606,1.85287806664411,7.14419094068511,-5.29131287404099
71077,1_91,TOU-A1-91,TOUA1,-1.43798342973954,-0.928055945713905,-6.39164859703293,0.509927484025637,-4.95366516729339,-5.46359265131903,-0.0019589435070462,4.79273834388171,4.79469728738876,5.77284518190787,-3.5214169262976,-4.71045302838815,-8.08301956965971,-6.64699508342721,-2.36222528006409,-0.221425590506281,0.756722304012834,2.5978492879319,2.4567866344906,7.15692666923654,-4.70014003474594
71195,6_99,TOU-A6-99,TOUA6,-2.7834139706024,-2.73927919394836,-6.99647908260832,0.0441347766540356,-4.21306511200592,-4.25719988865996,-2.14756517233329,2.24191798282595,4.38948315515924,5.57928828940527,-3.49906740681704,-4.82800475395432,-7.43351056772521,-6.7976617694561,-2.4523133909509,-0.122558854588727,1.0672462796573,1.20232329764496,1.68382031206452,6.5440945527736,-4.86027424070908
71043,1_34,TOU-A1-34,TOUA1,-2.71861353543239,-3.18218048940324,-8.13085224833231,-0.463566953970845,-5.41223871289992,-4.94867175892907,-2.54059294339605,1.83838172275001,4.37897466614606,5.47513294395931,-4.22151689255213,-5.66382876496224,-7.51314326270354,-7.3351226706672,-2.49258105055029,0.639211334248681,1.73536961206193,2.98682514903692,2.61072298186484,7.1009900436886,-4.49026706182377
71066,1_79,TOU-A1-79,TOUA1,-2.59151554652184,-2.93089540083446,-7.09921017013333,-0.339379854312621,-4.50769462361149,-4.16831476929887,-2.22555830410922,2.32600538688023,4.55156369098945,5.32817191616071,-3.84561666362016,-4.93624320294564,-6.96468138839402,-6.5987241459814,-1.70778060067933,-0.218350230438799,0.558257994732464,1.06986308479504,2.59153596755437,6.96551629377673,-4.37398032622236
71030,1_143,TOU-A1-143,TOUA1,-2.8455447280404,-2.70297486662644,-7.4463638716847,0.142569861413954,-4.6008191436443,-4.74338900505826,-2.04419032948563,2.34476814683714,4.38895847632277,5.46694549116376,-4.29455614895602,-5.56189138032575,-7.82862374501045,-7.02726934645569,-2.78088073154687,0.0114188578586433,1.08940587269963,1.90652061148449,2.9264297075068,6.87333776141371,-3.94690805390691
71062,1_74,TOU-A1-74,TOUA1,-2.91341697633662,-2.87026312843284,-7.14579126472644,0.0431538479037799,-4.23237428838982,-4.2755281362936,-2.21535412824612,2.11417050209833,4.32952463034446,5.13868152772757,-3.70286676502169,-5.10822821864472,-7.02102602656829,-6.32296317847779,-2.03659239603711,-0.215408686643666,0.593748210739445,0.901309974828402,1.25126892510893,5.80862132802418,-4.55735240291525
71013,1_118,TOU-A1-118,TOUA1,-2.30973838058462,-2.03263350222314,-7.89395416076245,0.27710487836148,-5.58421578017782,-5.8613206585393,-3.81066080325942,0.838456137004671,4.64911694026409,5.69387136425373,-3.63511384516027,-5.2885330437563,-5.84946016442618,-7.35038258710098,-2.97837052519837,-0.317506941611265,0.727247482378368,2.0916083301305,2.31796595603993,6.7623127349451,-4.44434677890517
71042,1_33,TOU-A1-33,TOUA1,-4.84668614684029,-1.03674871745968,-6.01862674976163,3.80993742938061,-1.17194060292134,-4.98187803230195,0.0892271580702568,6.40275022400944,6.31352306593918,6.94761537937546,-2.94003633663588,-4.82563846713601,-7.5302802733909,-2.59436696848035,-0.090781331921779,-0.106097820799541,0.527994492636737,1.40805202711376,2.42091150010351,7.32469788679342,-4.90378638668991
71080,1_98,TOU-A1-98,TOUA1,-2.92929071834075,-2.88388289452536,-7.76705952898147,0.0454078238153903,-4.83776881064072,-4.88317663445611,-6.22817036563311,-1.58925424532453,4.63891612030858,5.2134899967463,-3.11112156856019,-4.61545274335397,-4.00092431532086,-7.29980396261321,-2.70629566612002,-0.121087234059019,0.453486642378695,1.51674015932746,2.60428096894587,6.34398878592549,-3.73970781697962
71059,1_69,TOU-A1-69,TOUA1,-2.31041350347371,-2.24730570348256,-6.7932335005915,0.0631077999911463,-4.48281999711779,-4.54592779710894,-2.26710992198214,2.06580634937121,4.33291627135335,5.08255089094372,-4.20590363615599,-5.69056189841697,-7.09764861236266,-7.05434503087109,-2.78453655950889,0.151684054494596,0.901318674084963,2.23595462336311,3.29011122117199,6.98649215793336,-3.69638093676136
71073,1_88,TOU-A1-88,TOUA1,-5.39849860752571,-2.18926901251824,-6.92722679905524,3.20922959500747,-1.52872819152952,-4.737957786537,0.130890133118258,5.48464647328086,5.3537563401626,6.59353262262182,-2.891158695843,-4.80582525558382,-7.96703166440614,-2.43764292376217,-0.293116178607042,-0.526630508077166,0.713145774382052,2.28598305982932,2.54972340300573,6.51085925854294,-3.96113585553721
71089,6_106,TOU-A6-106,TOUA6,-0.630520799235122,-0.355585927459377,-6.07072708391778,0.274934871775746,-5.44020628468266,-5.7151411564584,0.402332409597446,5.71678719761851,5.31445478802107,6.39131980089673,-3.68582309608076,-4.58185322995402,-8.34336422821923,-7.31051101938666,-2.27099110314134,-0.478830271794638,0.598034741081019,1.61016526331543,1.79555270867075,6.74491372693878,-4.94936101826803
71170,6_74,TOU-A6-74,TOUA6,-1.33265703617202,-1.48630037122647,-6.86205710101807,-0.153643335054455,-5.52940006484605,-5.3757567297916,-0.769622010655524,4.21047277010429,4.98009478075981,5.85636073113108,-4.16389097923373,-5.11327288026505,-8.4531855142515,-7.890150488735,-2.75641237292074,0.4563028729485,1.33256882331977,2.5460111457863,2.99792895909056,6.68888505483121,-3.69095609574064
71003,1_106,TOU-A1-106,TOUA1,-0.946397294728022,-0.882503075713594,-6.71232145653564,0.0638942190144281,-5.76592416180761,-5.82981838082204,0.2323165806229,5.40938059098431,5.17706401036141,6.40378843447255,-3.98376101720607,-5.48547920900721,-8.41269944371628,-7.23398556836536,-2.12081577701837,-0.408347844219105,0.818376579892029,1.73725144468572,1.26787349863021,6.48325944201437,-5.21538594338416
71009,1_114,TOU-A1-114,TOUA1,-0.781757774665494,-1.14436943434704,-6.74209905220204,-0.362611659681542,-5.96034127753655,-5.59772961785501,-0.00445656374032924,4.67246668304437,4.6769232467847,5.38963050472584,-4.43897488466253,-5.62934808399949,-8.17577161747107,-7.3984704065459,-2.35893550007966,-0.44527636654359,0.26743089139755,1.79814484117708,2.32466618068066,6.99518608464601,-4.67051990396535
71008,1_113,TOU-A1-113,TOUA1,NA,NA,NA,NA,NA,NA,NA,NA,NA,NA,NA,NA,NA,NA,NA,NA,NA,NA,NA,NA,NA
71055,1_63,TOU-A1-63,TOUA1,-2.63202511073563,-2.28331405188169,-6.63773196651437,0.348711058853941,-4.00570685577874,-4.35441791463269,-2.2788811148173,2.43100463450661,4.70988574932391,5.7448499281138,-3.83861950614355,-5.40685231348458,-7.27330819235929,-6.92016419644096,-2.55898950597099,0.329822593811601,1.36478677260149,2.66049900088198,2.90119793179959,8.02781312085935,-5.12661518905976
71012,1_117,TOU-A1-117,TOUA1,-2.01609125516612,-2.60503123987597,-7.61346783955757,-0.588939984709859,-5.59737658439145,-5.00843659968159,-2.29412723514165,1.79720291160987,4.09133014675152,5.41052232899681,-4.23035645925776,-6.02702712560095,-7.65392968192566,-7.93196566190119,-3.25169553043981,0.171276761103474,1.49046894334877,1.15354145710882,2.03276156225354,6.98675397404964,-4.95399241179611
71029,1_141,TOU-A1-141,TOUA1,-0.279724687032052,-0.281746650899883,-5.93091995651006,-0.00202196386783153,-5.65119526947801,-5.64917330561018,0.497601061716233,5.92777685040151,5.43017578868528,6.36763243775447,-3.51230592813647,-4.58455910280599,-8.36106972174097,-7.58374397299268,-2.15154622043957,-0.508142765789017,0.429313883280172,2.08540739329356,2.3014029131558,6.69025971480922,-4.38885680165342
71145,6_50,TOU-A6-50,TOUA6,-3.33836455520618,-3.42971202440213,-7.53661438149703,-0.0913474691959419,-4.19824982629084,-4.1069023570949,-2.27236483461732,2.11446791496703,4.38683274958436,5.38842404860924,-3.78409464976746,-4.99787710884868,-7.9478699299493,-6.88187020936044,-2.40368999058014,0.128390422530863,1.12998172155575,1.24555356138698,1.90302118779663,6.91215578306299,-5.00913459526636
71051,1_6,TOU-A1-6,TOUA1,-0.917422753528859,-1.37270366272809,-7.07435252890867,-0.455280909199228,-6.15692977537981,-5.70164886618058,-0.22396424679677,4.37154680256902,4.59551104936579,5.52534169873127,-4.0514333025277,-5.45784937209193,-8.79947501355173,-8.10601650681964,-3.05522454825462,-0.466723072952754,0.463107576412722,1.28079210377939,2.36923175921791,7.00098114082797,-4.63174938161006
71025,1_134,TOU-A1-134,TOUA1,-1.66650155410621,-1.3474053319099,-6.69591694702814,0.31909622219631,-5.02941539292193,-5.34851161511824,-0.0994968513280311,4.75892541827443,4.85842226960246,5.75948575414913,-3.63623800136353,-5.09915683302144,-8.66052090363513,-7.09351620085694,-2.5541901534508,-0.189851281441451,0.711212203105225,2.06094137943491,2.47476203956047,6.25151378065396,-3.77675174109349
71098,6_114,TOU-A6-114,TOUA6,-2.00474848598543,-0.478155884796467,-6.36380302448211,1.52659260118896,-4.35905453849668,-5.88564713968565,-0.0703074688450713,5.08697816961376,5.15728563845884,5.89777879684992,-4.24372908301023,-5.19976007086379,-7.97995896088983,-6.04551794374947,-2.41482490647959,-0.478022626498671,0.262470531892415,1.16837540283919,2.62619982288416,6.96920397810842,-4.34300415522426
71046,1_39,TOU-A1-39,TOUA1,-2.62220998957466,-2.67964516595418,-7.91978824470673,-0.057435176379523,-5.29757825513207,-5.24014307875255,-2.14114700722264,2.23429444179908,4.37544144902172,5.52648017150214,-3.95601176069784,-5.33219212985683,-7.43822349312501,-6.95716051077299,-2.52428388537174,-0.0234772346250135,1.1275614878554,1.04844194022835,1.69044264440815,6.65822427885513,-4.96778163444698
71082,6_10,TOU-A6-10,TOUA6,-3.18318666956783,-3.14169109226353,-6.79632252965086,0.0414955773043019,-3.61313586008303,-3.65463143738733,-2.19651476906954,2.06579328635184,4.26230805542137,5.21143097988111,-4.30977469731834,-5.75189259021585,-7.4047963728581,-6.4181244723598,-2.19731199424273,-0.104511671142194,0.84461125331754,1.39309047861928,2.14490205675698,7.02929631964047,-4.8843942628835
71130,6_37,TOU-A6-37,TOUA6,-2.90488069951762,-3.19200263862266,-7.39952391827521,-0.287121939105039,-4.4946432187576,-4.20752127965256,-2.0240655179878,2.32554060422735,4.34960612221516,5.25369807423697,-4.05566568636484,-5.45544567187992,-7.72809696730018,-6.84728178577036,-2.21055372445017,-0.137474756492414,0.766617195529404,2.04537978656456,2.49735363648535,7.02030930551577,-4.52295566903042
71143,6_49,TOU-A6-49,TOUA6,-2.63377457521334,-2.8602559082273,-6.98168217662924,-0.226481333013966,-4.3479076014159,-4.12142626840194,-2.29723066172285,2.58122106956443,4.87845173128728,5.4854066631879,-3.95124109732996,-4.82686878479019,-7.29068412544114,-6.95414021195065,-1.84920714764941,0.15421056258683,0.761165494487454,1.55462200472666,2.64917424160757,7.30446183817989,-4.65528759657232
71164,6_69,TOU-A6-69,TOUA6,-2.273831962405,-2.7309473042146,-7.89310695891271,-0.457115341809609,-5.61927499650772,-5.16215965469811,-1.92715230395774,2.55833152092498,4.48548382488271,5.09014166553901,-4.24385779932524,-5.80583211957099,-8.0081449456307,-7.66146528718345,-2.71886612049112,-0.22659111843007,0.378066722226225,1.37936839926437,2.7466294556008,6.69586504827736,-3.94923559267656
71166,6_70,TOU-A6-70,TOUA6,-2.85661646283726,-2.99852394758073,-7.19382106655143,-0.141907484743469,-4.33720460371417,-4.1952971189707,-2.26415663542967,2.03642926546174,4.30058590089141,5.0934490315172,-3.84669456694966,-5.22957654799557,-7.13124124182785,-6.53878141442025,-2.09628802878537,-0.195914600822428,0.596948529803358,1.41449665565393,2.78215980083853,6.44821044768323,-3.6660506468447
71049,1_43,TOU-A1-43,TOUA1,-2.77348008792701,-2.07261066348225,-6.8135938758599,0.70086942444476,-4.04011378793289,-4.74098321237765,-1.71900908753792,3.23966417177951,4.95867325931743,6.08104295572751,-4.31973940732979,-5.4682588952317,-7.66720318210351,-6.61273218171443,-2.35492834684176,-0.103950153406997,1.01841954300308,1.38394598595475,2.76370954959618,7.28546025277348,-4.5217507031773
71035,1_19,TOU-A1-19,TOUA1,-2.79654633105047,-2.70304809776532,-7.63857572647737,0.0934982332851486,-4.8420293954269,-4.93552762871205,-2.10351531136949,2.3165492008165,4.42006451218599,5.38013073859685,-3.398564797278,-4.76709541515842,-8.04394241894309,-7.35091139926211,-3.02434512036127,0.138119679927537,1.09818590633839,1.94840215099717,2.56217390813439,7.19634551550571,-4.63417160737132
71194,6_97,TOU-A6-97,TOUA6,-1.15306381382195,-1.30965347550776,-7.06781206513986,-0.156589661685818,-5.91474825131791,-5.7581585896321,-0.255831595827641,4.45893428285609,4.71476587868373,5.5117800948995,-3.623934387568,-5.26152183465324,-8.43432616790303,-7.53709394990872,-2.66573840953918,-0.227299573525892,0.569714642689878,1.31576984406863,3.11944561511432,7.35245359630937,-4.23300798119505
71085,6_102,TOU-A6-102,TOUA6,-1.60833925106316,-1.26960381402157,-7.08560301215499,0.338735437041585,-5.47726376109183,-5.81599919813342,-0.188077931846147,4.42691531177813,4.61499324362427,5.70453010353451,-4.02730829733998,-5.15533418132273,-8.47902095476085,-7.05875963554384,-2.78250182896115,-0.322097523852977,0.767439336057263,1.19310601037604,1.75411594457726,6.07217579293219,-4.31805984835494
71036,1_2,TOU-A1-2,TOUA1,-2.4857768925719,-2.31760033489183,-7.33457217814863,0.168176557680069,-4.84879528557674,-5.01697184325681,-2.14242397591637,2.2276913323838,4.37011530830017,5.47885940879537,-3.91152201744437,-5.51568828951908,-7.72912411318196,-7.38577119652643,-3.18383244590633,0.16979553741088,1.27853963790607,1.77950527652815,2.52204394188805,6.7414940591461,-4.21945011725805
71153,6_58,TOU-A6-58,TOUA6,-3.21298942244244,-3.26522049409495,-7.7732472090497,-0.0522310716525029,-4.56025778660726,-4.50802671495476,-2.31596735661041,1.93742031355398,4.25338767016439,5.41951724886866,-3.72410761304923,-5.27430742303272,-7.47792537947813,-6.58090331364609,-2.2752845718292,0.130568085480144,1.29669766418441,1.85099488581757,2.12035553334699,6.34732645681457,-4.22697092346758
71107,6_16,TOU-A6-16,TOUA6,-1.29193068672792,-0.414656752761842,-6.44780149067899,0.877273933966081,-5.15587080395107,-6.03314473791715,-0.112040106478868,4.52754328226762,4.63958338874649,5.57193958594001,-3.60111533742738,-5.14429196822756,-8.26007497265099,-7.08018439240193,-3.31787493762152,-0.460670591399159,0.471685605794364,1.39622575487159,2.5881374557453,6.40479220826062,-3.81665475251532
71141,6_47,TOU-A6-47,TOUA6,-2.03705922520183,-1.57647060443061,-7.52125608656427,0.460588620771215,-5.48419686136244,-5.94478548213366,-1.6546495376789,3.49046960884422,5.14511914652312,6.57838837892047,-4.36307273088957,-5.80133288192809,-7.35826548690126,-6.97585579937834,-2.29132527362643,0.131904531884897,1.56517376428224,1.69754328798156,2.3461257190193,6.95141664544205,-4.60529092642276
71006,1_111,TOU-A1-111,TOUA1,-1.26432854021797,-0.597102043651851,-6.86655599592797,0.667226496566123,-5.60222745571,-6.26945395227612,0.186859703115585,5.50079800348053,5.31393830036494,6.34948831991172,-3.80631129532662,-5.67813530083349,-8.31475782361657,-6.86356958028302,-2.21685777648419,-0.355298465126352,0.680251554420426,1.39059461482225,2.50399047886418,6.80528928600652,-4.30129880714234
71023,1_131,TOU-A1-131,TOUA1,0.0899635132090709,0.0664208686408079,-6.23518875915045,-0.0235426445682629,-6.32515227235952,-6.30160962779126,0.458581801529762,6.17654376248719,5.71796196095742,6.25070096892588,-3.97812872548365,-5.4147935369349,-8.49549262672309,-8.1268743384024,-2.38536973287672,-0.463032150696088,0.069706857272367,1.2525090429378,1.87440747457228,7.05408263675388,-5.1796751621816
71037,1_23,TOU-A1-23,TOUA1,-2.51600112754118,-3.07087365798656,-7.45972770185267,-0.554872530445375,-4.94372657431149,-4.38885404386611,-1.96286745657612,2.41456519521578,4.3774326517919,5.39302617387542,-4.27980119673996,-5.68545501217687,-7.90114429521526,-7.3480106242502,-2.41570544201292,-0.0587435975876351,0.956849924495886,2.17575501710752,2.13989776818224,7.58737049095441,-5.44747272277217
71005,1_110,TOU-A1-110,TOUA1,-2.29105950820088,-2.48407360731113,-7.837354059971,-0.193014099110243,-5.54629455177012,-5.35328045265988,-3.84031322869479,0.765473406815775,4.60578663551057,5.62802917898724,-4.11771705267858,-5.08912907837913,-5.89187164825301,-7.44112536874692,-2.64232463412611,-0.365266521776216,0.656976021700453,2.22155442054665,2.29920294989884,6.40557769450442,-4.10637474460557
71188,6_90,TOU-A6-90,TOUA6,-3.52188259327058,-3.79093430192172,-7.67847908899346,-0.269051708651144,-4.15659649572289,-3.88754478707175,-2.28270956561399,2.04955455166049,4.33226411727448,5.30953221646604,-3.70957931486943,-4.71673182503298,-8.07149081678757,-6.83231778913099,-2.23100196320536,0.0988482699045444,1.0761163690961,1.31105569678933,2.2379180099336,7.33923618858868,-5.10131817865508
71067,1_8,TOU-A1-8,TOUA1,-1.11130590015102,-1.519050825981,-6.75740553017271,-0.407744925829973,-5.64609963002168,-5.23835470419171,-0.0990610450052139,4.67009641262135,4.76915745762657,5.65848538482912,-3.57672114871507,-4.94077029935648,-8.75368587051602,-7.74144101537021,-2.56453863191367,-0.52177229842015,0.367555628782399,1.32426452072725,2.33866595859387,5.86109637173626,-3.52243041314239
71113,6_21,TOU-A6-21,TOUA6,-0.141889702883519,-0.475043025232388,-5.81944738276521,-0.333153322348869,-5.67755767988169,-5.34440435753282,-0.168739150743159,4.60655251048138,4.77529166122454,5.39319036733605,-3.76720346920574,-4.69057729658046,-7.7756065977302,-7.80245604558985,-2.69401106201643,-0.47019039356335,0.147708312548158,1.45422516425706,2.62130681564907,6.25319777829599,-3.63189096264692
71154,6_6,TOU-A6-6,TOUA6,-2.46561213957629,-2.69574913379039,-7.29254057448719,-0.230136994214098,-4.8269284349109,-4.5967914406968,-2.41501450191736,1.67552828581643,4.09054278773379,5.09325394655764,-4.36836035971774,-5.85158261649479,-7.29162137685252,-7.24102373919358,-2.9203439572457,-0.0392981383335537,0.963413020490296,1.63609073540289,2.50304513005687,7.21776238490629,-4.71471725484943
71151,6_56,TOU-A6-56,TOUA6,-2.74118315405164,-2.55173472264096,-6.67696442432518,0.18944843141068,-3.93578127027354,-4.12522970168422,-2.2285705300404,2.71180163295152,4.94037216299192,6.06217751972255,-3.88645249085558,-5.49678044800785,-6.70954408310476,-6.19693145909352,-1.44600772751228,0.134570347095901,1.25637570382654,1.16348792992163,2.24851765451403,7.38516590124345,-5.13664824672942
71022,1_13,TOU-A1-13,TOUA1,-1.16551286901379,-0.954692617932327,-6.83728159992809,0.210820251081465,-5.67176873091429,-5.88258898199576,-0.147851248232799,4.59849737993077,4.74634862816357,5.51837545749705,-3.95983856256032,-5.0722760833101,-8.72206769959574,-7.70440607881475,-3.16887770173265,-0.483019261566737,0.289007567766748,1.31145193257089,2.46682021946981,6.58905573829439,-4.12223551882458
71186,6_89,TOU-A6-89,TOUA6,-2.05677449653689,-2.53608037306012,-7.08124596703721,-0.479305876523235,-5.02447147050032,-4.54516559397708,-2.01853170444832,2.34553357210159,4.36406527654992,5.22093676886862,-3.89208914487995,-5.8169189414086,-7.46039477760481,-7.42215198551625,-2.5787808324431,-0.331864265000108,0.525007227318599,1.73586473950984,2.3717253763392,6.86522672426518,-4.49350134792598
71071,1_84,TOU-A1-84,TOUA1,-2.66355474843955,-3.0161866468418,-7.2261440013206,-0.352631898402244,-4.56258925288104,-4.2099573544788,-2.20974106932395,1.93253468951036,4.14227575883432,5.18110170322584,-4.13747987256232,-5.33444607140665,-6.97862792963484,-6.52481425051924,-2.02990659328268,-0.249009707409928,0.789816236981591,1.65626021024307,2.80355089836964,7.34834789789762,-4.54479699952798
71191,6_94,TOU-A6-94,TOUA6,-1.89535407894184,-1.18432816361524,-6.43604135818379,0.711025915326596,-4.54068727924195,-5.25171319456855,-2.39659226813478,2.74413279198544,5.14072506012023,5.93570444335561,-3.01475474809153,-4.83284929456356,-7.31857061177594,-7.81980880096889,-3.39010965617526,0.912891443560766,1.70787082679616,1.35274922236125,1.90045546922457,6.8202581938366,-4.91980272461203
71099,6_115,TOU-A6-115,TOUA6,-0.809554943083051,0.0649478521463209,-5.97902178882624,0.874502795229372,-5.16946684574319,-6.04396964097256,0.245308286046689,5.47207433031905,5.22676604427236,7.46907859255124,-3.99401669730495,-4.94654791872396,-7.88363215229695,-6.82876892316721,-2.47650567412423,-0.255686294881362,1.98662625339753,1.52868644042132,2.31556519527564,6.66186129719964,-4.346296101924
71133,6_4,TOU-A6-4,TOUA6,-3.39932125919969,-3.4127703243875,-7.01992606903087,-0.0134490651878136,-3.62060480983118,-3.60715574464336,-2.94176407936249,1.65261251046266,4.59437658982514,5.75058721607857,-3.94601441869002,-5.62869975405517,-7.34362776130681,-6.88607058146961,-2.27824492645665,1.23009415301678,2.38630477927021,1.29261023382825,1.4960499945916,7.58645042813805,-6.09040043354645
71162,6_67,TOU-A6-67,TOUA6,-2.7867811952353,-2.91999554389622,-7.33581768808564,-0.13321434866092,-4.54903649285034,-4.41582214418942,-2.46578658336943,1.65988847324562,4.12567505661505,4.99251028864721,-4.03452559439057,-5.382338912725,-7.41688883020995,-7.09589421834408,-2.83700481306811,0.248274137748837,1.11510936978099,1.69645138095393,1.95982104488724,6.41108310472788,-4.45126205984063
71135,6_41,TOU-A6-41,TOUA6,-1.43780381373982,-1.18824935245154,-6.57496436555218,0.249554461288289,-5.13716055181235,-5.38671501310064,-0.389897997664456,4.37231571287802,4.76221371054248,5.87460494768483,-3.81064028886293,-4.98805091523669,-8.04491393164107,-6.99700811556571,-2.48434886631152,-0.0456878609148408,1.06670337622751,1.74727645594238,0.889893768936498,6.64979306792264,-5.75989929898614
71155,6_60,TOU-A6-60,TOUA6,-2.7950934129657,-2.81971493791442,-7.29372376747402,-0.0246215249487207,-4.49863035450833,-4.47400882955961,-2.31281904880177,1.97819363567386,4.29101268447563,5.15724619687101,-4.05818480036637,-5.86303620349052,-7.52563387400048,-7.04335950983655,-2.7277253004122,0.126597841999215,0.992831354394593,1.76009285752219,2.36032788203598,6.77239911034385,-4.41207122830787
71032,1_16,TOU-A1-16,TOUA1,-1.26187408378728,-1.24648926026351,-6.81926607771927,0.0153848235237722,-5.55739199393199,-5.57277681745576,-0.048988431852692,4.61364159209496,4.66263002394765,5.77180380990787,-4.20697610404814,-5.56028059530213,-8.68434178916824,-7.47145613723365,-2.82421093680977,-0.564652194463553,0.54452159149667,1.9661877324867,2.61282402741759,6.4379595487783,-3.82513552136071
71116,6_24,TOU-A6-24,TOUA6,-0.681210356326339,-1.46435574309643,-6.73190267864261,-0.783145386770086,-6.05069232231627,-5.26754693554618,-0.044653094416716,4.75899998117002,4.80365307558673,5.56534071605545,-4.48414405836534,-5.77641666563264,-8.60455823399909,-7.96800097208947,-2.38120250973265,-0.544249027888169,0.217438612580551,1.29399865459444,2.48760788992103,6.87532558545867,-4.38771769553764
71065,1_78,TOU-A1-78,TOUA1,-6.30199836406754,-3.61839079247089,-6.40203992210638,2.68360757159665,-0.100041558038835,-2.78364912963549,-2.24627262208537,3.01630538166795,5.26257800375332,6.16074850361981,-2.80744398186415,-4.0398668987903,-6.63589804284485,-2.58017230086267,-0.00120186870600488,0.0666098055735755,0.964780305440065,1.23774704984602,0.649280501618065,4.82334334104183,-4.17406283942376
71120,6_28,TOU-A6-28,TOUA6,-1.08763991378557,-0.609518793613794,-6.56859183332693,0.478121120171771,-5.48095191954136,-5.95907303971313,-0.280396793105861,4.32184055920504,4.6022373523109,5.59223770845232,-3.81969540469893,-4.78572295917153,-8.31119238251721,-7.50394926183751,-3.37983302969838,-0.453677342680929,0.536323013460493,1.63117122329432,2.58139881823492,6.05645491658897,-3.47505609835404
71068,1_80,TOU-A1-80,TOUA1,-2.60656710062592,-2.52571311863878,-6.94506787989214,0.0808539819871426,-4.33850077926622,-4.41935476125337,-2.35863817904698,2.15436343589674,4.51300161494372,5.41556847414925,-4.60826875162948,-5.93155711140297,-6.67099816754064,-6.42306924596169,-1.99092161300512,-0.193308989967378,0.709257869238154,1.44289135029576,2.66632748867949,7.13363738671681,-4.46730989803732
71053,1_61,TOU-A1-61,TOUA1,-0.692034770612371,0.0359028078561634,-6.89267361570642,0.727937578468534,-6.20063884509405,-6.92857642356258,0.698727670306634,6.0322492837416,5.33352161343497,6.43905964683276,-3.5813926179665,-4.88806475087065,-8.62336161786925,-7.23259917695025,-2.62701514198381,-0.721241381266244,0.384296652131552,1.79825551677001,2.25833333498732,6.24907949546875,-3.99074616048143
71119,6_27,TOU-A6-27,TOUA6,-1.19043348928344,-0.763575018609899,-6.56344639224729,0.426858470673544,-5.37301290296385,-5.79987137363739,0.16354255448243,4.76035513657399,4.59681258209156,5.40401218018907,-3.88766772063194,-5.15856216072913,-8.39612256719525,-7.04214652342938,-2.87219241201136,-0.5214767434601,0.285722854637413,1.49257541670239,2.00529453628933,7.59097869608442,-5.58568415979509
71094,6_110,TOU-A6-110,TOUA6,-1.78861387961888,-1.22518631056134,-6.79708639857392,0.56342756905754,-5.00847251895503,-5.57190008801257,-0.674528230932789,4.36853867795251,5.0430669088853,6.30066581519452,-4.039381554665,-5.44974369554159,-8.37434249530829,-7.2602568466222,-2.78061750679444,0.134850937311049,1.39244984362027,1.54907778872584,1.92104288034376,7.26807391593515,-5.34703103559139
71189,6_91,TOU-A6-91,TOUA6,-2.52503130394133,-2.03210857655848,-8.03245223517441,0.492922727382857,-5.50742093123307,-6.00034365861593,-3.94003277244831,0.281871323612583,4.2219040960609,5.37301939959474,-4.24183858255209,-5.05497974619736,-5.94060630671192,-7.3556077752189,-3.62662640654086,-0.334425538573087,0.816689764960757,2.15259559098001,2.46318299649712,6.80724653414327,-4.34406353764615
71045,1_38,TOU-A1-38,TOUA1,-3.05646441386882,-2.32315965857454,-7.04063939328892,0.733304755294273,-3.9841749794201,-4.71747973471438,-1.64703642941649,3.3503723378332,4.99740876724969,5.90972647072408,-3.52136872661272,-5.00371521644301,-7.92191859503716,-6.51249061058484,-2.24838659862942,-0.191446177565747,0.72087152590864,1.84337840023099,2.19304234600957,6.03939340818146,-3.84635106217189
71144,6_5,TOU-A6-5,TOUA6,-3.16392356681741,-3.6862162848637,-6.94673530914752,-0.522292718046293,-3.78281174233011,-3.26051902428381,-2.97171748836318,1.57174820592052,4.5434656942837,5.63411502477242,-3.97113541660787,-5.15444028236265,-7.53677577116642,-7.34456969271219,-2.2788112803822,1.17990645555845,2.27055578604717,1.71511037957491,1.96353636277286,6.92190005076978,-4.95836368799691
71131,6_38,TOU-A6-38,TOUA6,-3.14413304739774,-2.69217133826233,-7.240858270497,0.451961709135406,-4.09672522309927,-4.54868693223467,-2.04525625891884,2.36420487943017,4.40946113834902,5.4115441954471,-4.1294814728151,-5.62246231721766,-7.47642890111805,-6.37755211263916,-2.42005268342555,-0.0598849408667392,0.942198116231338,2.55357080505178,2.07807088098454,7.06839759634462,-4.99032671536008
71140,6_46,TOU-A6-46,TOUA6,-0.470196469842492,-0.322536244195954,-6.34125280474949,0.147660225646538,-5.871056334907,-6.01871656055354,-0.0750214554017705,4.30548120913632,4.38050266453809,5.62083434671693,-3.9517689995729,-4.83427066201445,-8.27054918361484,-7.87537416917412,-3.64253173028257,-0.538532241047851,0.701799441130994,1.41415819132334,2.62449809083429,6.86708681093544,-4.24258872010115
71178,6_81,TOU-A6-81,TOUA6,-0.703132889973928,0.834091236005311,-6.04587188395275,1.53722412597924,-5.34273899397883,-6.87996311995807,-0.517383106256586,5.04052902360881,5.5579121298654,6.65676745261757,-3.88994352534566,-5.21053129225379,-7.94117292385281,-7.75542314013547,-3.73473513624931,0.74197194973061,1.84082727248278,2.04342966897091,2.42193093560429,7.72261289381685,-5.30068195821256
71123,6_30,TOU-A6-30,TOUA6,-1.30749926247525,-1.66208287773506,-6.70036864673563,-0.354583615259807,-5.39286938426038,-5.03828576900058,-0.280567172473698,4.52811930848524,4.80868648095894,5.4213494340238,-4.11415968038195,-5.93251874654691,-8.26245684430093,-7.23552475429937,-2.07225465808063,-0.209317382443126,0.403345570621735,2.06669336409551,2.13781830173748,6.69482782859503,-4.55700952685755
71019,1_125,TOU-A1-125,TOUA1,-3.08742607243185,-2.92298232065126,-7.19535323005498,0.164443751780594,-4.10792715762313,-4.27237090940373,-2.65055107297019,1.92108180924113,4.57163288221132,5.50141795464104,-4.24342342742158,-5.22747453668076,-7.75815406746618,-7.32127906800452,-2.91408993757379,0.574258756331276,1.504043828761,1.89532441390483,3.1065819572391,7.04211549604667,-3.93553353880756
71001,1_10,TOU-A1-10,TOUA1,-1.25254240683385,-0.751754331303746,-6.83061894165179,0.500788075530109,-5.57807653481793,-6.07886461034804,-0.189394361441787,4.6464579144816,4.83585227592338,5.73389971344623,-4.32520402422286,-5.61438023267236,-8.64995550633057,-7.5868074609385,-3.25174326054523,-0.396327961941822,0.501719475581027,1.64312401043895,2.52517293654089,6.2929364909057,-3.76776355436481
71011,1_116,TOU-A1-116,TOUA1,-2.461769321811,-2.89392395456133,-7.94210621895806,-0.432154632750331,-5.48033689714706,-5.04818226439673,-2.26280490739898,2.07396233175811,4.3367672391571,5.35010563496095,-3.55728517417072,-5.05325766223579,-7.92757893961803,-7.72861452520601,-2.95969265329858,-0.0707095630653837,0.942628832738469,1.10440926988271,1.64510523626795,6.77638891290757,-5.13128367663962
71173,6_77,TOU-A6-77,TOUA6,-1.18693802155532,-1.04510068478845,-6.73579167196934,0.141837336766865,-5.54885365041403,-5.69069098718089,-0.115407055210195,4.48053578948207,4.59594284469227,5.64676505194046,-4.43404960210432,-5.46043843086617,-8.77075738304385,-7.69922641669873,-3.24512090877332,-0.464079711268026,0.586742495980163,1.16949818010941,2.51550053191104,6.34919538577142,-3.83369485386038
71181,6_84,TOU-A6-84,TOUA6,-3.34638490643422,-3.8265574652507,-7.21011526607989,-0.480172558816481,-3.86373035964568,-3.3835578008292,-3.04926318232711,1.557491159184,4.60675434151111,5.63764152932727,-3.95642322009939,-5.52238267734062,-7.58147608813747,-7.28435436403037,-2.19742746370278,1.13695359430659,2.16784078212275,1.31682316243681,1.42758615092583,7.18689118688592,-5.75930503596009
71020,1_128,TOU-A1-128,TOUA1,-0.753567278753201,-1.46772277769328,-7.01927703587364,-0.714155498940074,-6.26570975712044,-5.55155425818037,-0.0156861855265598,4.46454000344578,4.48022618897234,5.76201176070201,-4.10801772104297,-5.14558201209021,-8.35299297098809,-7.61511187776145,-2.42073018984904,-0.589941357010449,0.691844214719226,1.1247784561292,1.91256131106157,6.3798562794812,-4.46729496841963
71054,1_62,TOU-A1-62,TOUA1,-2.81753027172433,-2.38122511606179,-6.63934222581364,0.436305155662536,-3.82181195408931,-4.25811710975184,-2.16878063524089,2.41542038208276,4.58420101732365,5.44628429992245,-3.58975272264097,-4.5903644907525,-6.70075329249801,-6.05200365601457,-1.90410779435346,-0.158778397073401,0.703304885525395,0.908134887049927,1.9587434561653,6.42239000092905,-4.46364654476375
71127,6_34,TOU-A6-34,TOUA6,-2.37863629196617,-2.52177299330064,-6.62359866687676,-0.143136701334463,-4.24496237491059,-4.10182567357612,-2.21723895449,2.30112248942956,4.51836144391956,5.65965568956087,-3.80478058111807,-5.21004918095601,-6.47911160201402,-6.31771426453785,-1.65621611928383,0.114472115141952,1.25576636078326,1.35409718207433,1.07841176080007,6.35984087489396,-5.28142911409389
71184,6_87,TOU-A6-87,TOUA6,-3.24684903974045,-4.05620563869377,-8.0475815761146,-0.809356598953325,-4.80073253637415,-3.99137593742083,-7.08548940804769,-3.308472245728,3.77701716231969,4.82200320912447,-3.99164272687707,-5.52728365139907,-3.40671427727608,-7.24535464558331,-2.6589808843103,0.0575760052865894,1.10256205209137,1.46912134418687,3.2842395946729,7.38830062429283,-4.10406102961993
71126,6_33,TOU-A6-33,TOUA6,-0.680143391878177,-0.99461762504166,-6.49853993988389,-0.314474233163483,-5.81839654800571,-5.50392231484223,-0.116415712440267,4.65720692147506,4.77362263391532,5.65717987197415,-3.62830697647732,-4.87784084750411,-8.36595540890392,-7.80222772946601,-2.71413086238721,-0.531236602189571,0.352320635869257,1.6138337968475,2.33706823343296,6.22385859735349,-3.88679036392053
71033,1_17,TOU-A1-17,TOUA1,-1.50867068650971,-1.87498371961158,-6.83394282451212,-0.366313033101863,-5.32527213800241,-4.95895910490055,-2.10238782336152,2.4085806735319,4.51096849689342,5.47426264442159,-4.37948156890385,-5.38295882709687,-7.15759349936977,-7.75131063622157,-2.87402910622629,0.186532254875137,1.14982640240331,2.26900236172453,2.43537491626359,7.14563229184119,-4.7102573755776
71187,6_9,TOU-A6-9,TOUA6,-2.82325479926413,-3.54016536997617,-7.04933335311628,-0.716910570712044,-4.22607855385215,-3.50916798314011,-2.3597089133679,1.78879702271952,4.14850593608742,5.28747720540379,-3.32064982711793,-5.15779544033767,-7.30044061505562,-6.8368947291594,-1.97147822235993,-0.0405329565117934,1.09843831280457,1.33046470848054,1.99310902798374,7.76992542494655,-5.77681639696282
71017,1_122,TOU-A1-122,TOUA1,-1.71661970764622,-1.57582813717991,-6.99648862360028,0.140791570466304,-5.27986891595406,-5.42066048642037,-0.196701259399218,4.68486830862256,4.88156956802178,5.87251862832011,-4.10964656911074,-5.80715476840751,-8.41099020599039,-6.89107175774339,-2.15029376018792,-0.240838927559548,0.750110132738781,1.35048675059513,2.97626210308985,7.55852826497553,-4.58226616188568
71058,1_67,TOU-A1-67,TOUA1,-2.89853192515229,-2.6086493385629,-6.97815368584163,0.289882586589394,-4.07962176068934,-4.36950434727873,-2.37650098646045,2.18023442453918,4.55673541099963,5.62994725388491,-3.66360495086413,-5.14686379078423,-7.56200713631724,-7.03997619762539,-2.77312337321515,0.266077162256821,1.3392890051421,2.68611264081904,2.78571938538506,7.55663794542614,-4.77091856004108
71156,6_61,TOU-A6-61,TOUA6,-1.33000939495562,-0.482357208739089,-6.62939209450945,0.847652186216527,-5.29938269955383,-6.14703488577036,0.0296906401897256,4.9242048285438,4.89451418835407,5.56669955679968,-3.36707019612174,-5.64263574764532,-8.20603012044488,-6.84633008529954,-2.79946808316199,-0.495978150163124,0.176207218282479,1.49697311616177,2.50445515558557,7.18485477382515,-4.68039961823957
71069,1_81,TOU-A1-81,TOUA1,-0.7152029229473,-1.14381093231767,-6.72456640668038,-0.428608009370373,-6.00936348373308,-5.58075547436271,-0.405890041033351,4.0855710749604,4.49146111599375,5.88315091528954,-3.64356250009397,-4.80749196279245,-7.63175437392205,-7.3224414920081,-2.40237236664397,-0.327770985712374,1.06391881358342,1.31627472193024,1.94104526155994,6.24269204777017,-4.30164678621023
71076,1_90,TOU-A1-90,TOUA1,-1.36751819887588,-0.495083179887009,-5.92336342291276,0.872435018988875,-4.55584522403688,-5.42828024302575,0.0421161326312491,4.7863107052709,4.74419457263965,5.79245773719578,-3.91091067799775,-5.4426984339486,-7.7077278991324,-6.29809356762526,-2.42633401397448,-0.128116093429477,0.92014707112665,2.33606158098,2.5110404900973,7.71826189451341,-5.2072214044161
71024,1_133,TOU-A1-133,TOUA1,-2.45438668254565,-2.28417192007894,-7.91520451840486,0.170214762466705,-5.46081783585922,-5.63103259832592,-4.01407808684287,0.948780196145041,4.96285828298792,5.97316798231815,-4.1521742245106,-5.36334824964649,-5.83099664160009,-7.39068804589732,-2.59804452537611,-0.280647194196378,0.729662505133855,2.37825558578277,2.4680103493648,6.68762119612232,-4.21961084675752
71108,6_17,TOU-A6-17,TOUA6,-2.51750451045207,-2.7227045928572,-6.6822031902006,-0.205200082405129,-4.16469867974853,-3.9594985973434,-2.27602078145744,1.87212809345083,4.14814887490827,5.41583506770087,-5.00983391310869,-6.22991988052344,-7.01886652839458,-6.77738279939994,-2.42403384208654,-0.22870131805355,1.03898487473904,1.43092482737552,2.79085642288544,8.58938317186281,-5.79852674897737
71152,6_57,TOU-A6-57,TOUA6,-2.92875193478688,-2.32903479517363,-6.64293830069513,0.59971713961325,-3.71418636590825,-4.3139035055215,-1.83124526820448,2.875621816967,4.70686708517148,5.35873539054133,-3.97462338685413,-5.17657659491703,-7.49588608303741,-6.39837941645501,-2.29122947089678,-0.22864216370689,0.423226141662956,1.54721567810561,2.41141086663305,7.62786696637372,-5.21645609974067
71183,6_86,TOU-A6-86,TOUA6,-1.20127587353766,-1.48944253144366,-6.68429040691126,-0.288166657906002,-5.48301453337359,-5.19484787546759,-0.296191871876022,4.11873652989455,4.41492840177057,5.55162651738622,-3.94827864623807,-4.89676105955707,-8.36719085066122,-7.46210684899957,-2.75901178932301,-0.329792541247807,0.806905574367845,0.628568383600588,0.995113582542264,5.18303883612378,-4.18792525358151
